source,target,value
1805089PD,1805085PD,59755.928029999995
SW1804SWP07,SW1805SWP08,66708.51492999999
SWP_SFBayDelta,SW1804SWP06,2485058.415
SFBayDelta,SWP_SFBayDelta,2521429.0
SW1804SWP06,SW1804SWP07,106915.0
SW1805SWP08,1805089PD,43127.98875
SW1805081SYS,SW1805081EB,11469.0
R_Tuolumn,RES1805081,10000.0
RES1805081,SW1805081SYS,7687.0
SW1805081EB,1805089PD,42955.47679
SW_CVP-Pacheco,SW_CVP-Coyot,120241.0
SW_CVP-ONL,SW_CVP-Gianelli,8613.0
CVP_SFBayDelta,SW_CVP-DMC,352321.0
R_Sacramento,SFBayDelta,2521429.0
SW1802SWP02,R_Feather,3489552.0
Lk_OrovilleSWP,SW1802SWP01,3492302.0
SW1802SWP01,SW1802SWP02,3492302.0
R_Feather,R_Sacramento,2521429.0
R_AmericanNFRK,R_American,100000.0
R_AmericanMFRK,R_AmericanNFRK,100000.0
R_AmericanSFRK,R_American,100000.0
R_American,R_Sacramento,100000.0
LK_TrinityCVP,R_Sacramento,352321.0
LK_ShastaCVP,R_Sacramento,352321.0
R_SanJoaquin,SFBayDelta,100000.0
R_Tuolumn,R_SanJoaquin,100000.0
R_Stanislaus,R_SanJoaquin,100000.0
R_Mokelumn,R_SanJoaquin,100000.0
R_Calaveras,R_SanJoaquin,100000.0
SFBayDelta,CVP_SFBayDelta,352321.0
SW_CVP-DMC,SW_CVP-ONL,8613.0
SW_CVP-Gianelli,SW_CVP-Pacheco,140323.0
SW_CVP-Coyot,1805089PD,96951.71871
RES1805089,1805089PD,60982.97609
GW1806-3-03,GW1806-3-03.01,53088.70183
GW1806-3-03.01,1805089PD,38987.70183
GW1805-2-09,GW1805-2-09.02,39655.86155
GW1805-2-09.02,1805089PD,23634.13783
GW1805-2-09,1805085PD,47141.166880000004
RES_1805085,1805085PD,14728.90509
1805085PD,1805085E,119990.78
1805085REC,1805085NPD,1208.0
WWT1805083,1805085REC,1208.0
1805085NPD,1805085E,1208.0
1805089PD,Other,246884.07197
SW1804SWP07,Other,40206.48507000001
SWP_SFBayDelta,Other,36370.58499999996
Other to SFBayDelta,SFBayDelta,252321.0
SW1804SWP06,Other,2378143.415
SW1805SWP08,Other,23580.526179999993
Other to SW1805081SYS,SW1805081SYS,3782.0
RES1805081,Other,2313.0
Other to SW1805081EB,SW1805081EB,31486.47679
SW_CVP-Pacheco,Other,20082.0
R_Sacramento,Other,804642.0
SW1802SWP02,Other,2750.0
R_Feather,Other,968123.0
R_American,Other,100000.0
R_SanJoaquin,Other,300000.0
SW_CVP-DMC,Other,343708.0
Other to SW_CVP-Gianelli,SW_CVP-Gianelli,131710.0
SW_CVP-Coyot,Other,23289.28129
GW1806-3-03.01,Other,14101.0
GW1805-2-09.02,Other,16021.723720000002
1805085PD,Other,1635.2200000000012
