source,target,value
GW1805-2-35,1805027PD,1979.522925
SW1805081PEN,1805027PD,4750.855019
SW1805081SYS,SW1805081EB,206856.7099
R_Tuolumn,RES1805081,206856.7099
RES1805081,SW1805081SYS,206856.7099
SW1805081EB,SW1805081PEN,168355.2594
1805027PD,1805027E,6730.377944
1805027TREC,1805027NPD,853.1508223
WW_1805_685,1805027TREC,853.1508223
1805027NPD,1805027E,853.1508223
SW1805081PEN,Other,163604.404381
SW1805081EB,Other,38501.45049999998
